user time: , idle time: ,interrupt_time
11433.015624999998,1019029.046875,402.96875
11433.046874999998,1019036.78125,402.96875
11433.140624999998,1019044.515625,402.96875
11433.234374999998,1019052.28125,402.96875
11433.296874999998,1019060.0625,402.96875
11433.468749999998,1019067.75,403.015625
