user time , idle time ,interrupt_time,battery percentage ,power plugged ,time left ,total memory ,available memory ,percentage usage 
964.28125,27212.5,14.921875,100,True,-1:59:58,16806064128,7164342272,57.4
964.328125,27220.4375,14.921875,100,True,-1:59:58,16806064128,7180529664,57.3
964.359375,27228.34375,14.921875,100,True,-1:59:58,16806064128,7183839232,57.3
964.40625,27236.34375,14.921875,100,True,-1:59:58,16806064128,7186321408,57.2
