time,idle_time,usr_time,interrupt_time,mem_total,mem_available,mem_percent
1729272480753,1047605.28125,11849.09375,426.203125,16806064128,6626451456,60.6
1729272481765,1047613.1875,11849.125,426.203125,16806064128,6622650368,60.6
1729272482783,1047621.125,11849.265625,426.21875,16806064128,6622896128,60.6
1729272483796,1047628.90625,11849.46875,426.21875,16806064128,6631440384,60.5
1729272484816,1047636.828125,11849.578125,426.234375,16806064128,6628876288,60.6
1729272485832,1047644.84375,11849.65625,426.234375,16806064128,6637101056,60.5
