user time , idle time ,interrupt_time,battery percentage ,power plugged ,time left ,total memory ,available memory ,percentage usage 
6472.0,655525.640625,209.40625,86,False,1193046:28:15,16806064128,6618554368,60.6
6472.0625,655533.484375,209.40625,86,False,1193046:28:15,16806064128,6632673280,60.5
6472.640625,655540.6875,209.421875,86,False,1193046:28:15,16806064128,6636224512,60.5
6472.703125,655548.578125,209.421875,86,False,1193046:28:15,16806064128,6637940736,60.5
6472.765625,655556.5625,209.421875,86,False,1193046:28:15,16806064128,6654267392,60.4
